alias	linkerSequence	bcSeq	gender	primer	ltrBit	largeLTRFrag	vectorSeq
clone1-1	CGCAGACATCCCGTCCCATNNNNNNNNNNNNCTCCGCTTAAGGGACT	AATCCGTACAGC	f	GAAAATC	TCTAGCA	TGCTAGAGATTTTCCACACTGACTAAAAGGGTCT	p746vector.fasta
clone1-2	CGCAGACATCCCGTCCCATNNNNNNNNNNNNCTCCGCTTAAGGGACT	ACACCTGGTGAT	f	GAAAATC	TCTAGCA	TGCTAGAGATTTTCCACACTGACTAAAAGGGTCT	p746vector.fasta
clone1-3	CGCAGACATCCCGTCCCATNNNNNNNNNNNNCTCCGCTTAAGGGACT	TATCGTTGACCA	f	GAAAATC	TCTAGCA	TGCTAGAGATTTTCCACACTGACTAAAAGGGTCT	p746vector.fasta
clone1-4	CGCAGACATCCCGTCCCATNNNNNNNNNNNNCTCCGCTTAAGGGACT	TTACTGTGCGAT	f	GAAAATC	TCTAGCA	TGCTAGAGATTTTCCACACTGACTAAAAGGGTCT	p746vector.fasta
clone2-1	CCGGACGGATTGGTGCCTANNNNNNNNNNNNCTCCGCTTAAGGGACT	AGGCTACACGAC	f	GAAAATC	TCTAGCA	TGCTAGAGATTTTCCACACTGACTAAAAGGGTCT	p746vector.fasta
clone2-2	CCGGACGGATTGGTGCCTANNNNNNNNNNNNCTCCGCTTAAGGGACT	CTAACCTCCGCT	f	GAAAATC	TCTAGCA	TGCTAGAGATTTTCCACACTGACTAAAAGGGTCT	p746vector.fasta
clone2-3	CCGGACGGATTGGTGCCTANNNNNNNNNNNNCTCCGCTTAAGGGACT	GAACCAAAGGAT	f	GAAAATC	TCTAGCA	TGCTAGAGATTTTCCACACTGACTAAAAGGGTCT	p746vector.fasta
clone2-4	CCGGACGGATTGGTGCCTANNNNNNNNNNNNCTCCGCTTAAGGGACT	GTATGCGCTGTA	f	GAAAATC	TCTAGCA	TGCTAGAGATTTTCCACACTGACTAAAAGGGTCT	p746vector.fasta
clone3-1	CGCCAACGTAGCGTTGCACNNNNNNNNNNNNCTCCGCTTAAGGGACT	GTACATACCGGT	f	GAAAATC	TCTAGCA	TGCTAGAGATTTTCCACACTGACTAAAAGGGTCT	p746vector.fasta
clone3-2	CGCCAACGTAGCGTTGCACNNNNNNNNNNNNCTCCGCTTAAGGGACT	TCCGACACAATT	f	GAAAATC	TCTAGCA	TGCTAGAGATTTTCCACACTGACTAAAAGGGTCT	p746vector.fasta
clone3-3	CGCCAACGTAGCGTTGCACNNNNNNNNNNNNCTCCGCTTAAGGGACT	CCAGTGTATGCA	f	GAAAATC	TCTAGCA	TGCTAGAGATTTTCCACACTGACTAAAAGGGTCT	p746vector.fasta
clone3-4	CGCCAACGTAGCGTTGCACNNNNNNNNNNNNCTCCGCTTAAGGGACT	CCTCGTTCGACT	f	GAAAATC	TCTAGCA	TGCTAGAGATTTTCCACACTGACTAAAAGGGTCT	p746vector.fasta
clone4-1	GACGCGTAAGGTCGGGTAGNNNNNNNNNNNNCTCCGCTTAAGGGACT	TGAGTCACTGGT	f	GAAAATC	TCTAGCA	TGCTAGAGATTTTCCACACTGACTAAAAGGGTCT	p746vector.fasta
clone4-2	GACGCGTAAGGTCGGGTAGNNNNNNNNNNNNCTCCGCTTAAGGGACT	GACTTGGTATTC	f	GAAAATC	TCTAGCA	TGCTAGAGATTTTCCACACTGACTAAAAGGGTCT	p746vector.fasta
clone4-3	GACGCGTAAGGTCGGGTAGNNNNNNNNNNNNCTCCGCTTAAGGGACT	TACACGATCTAC	f	GAAAATC	TCTAGCA	TGCTAGAGATTTTCCACACTGACTAAAAGGGTCT	p746vector.fasta
clone4-4	GACGCGTAAGGTCGGGTAGNNNNNNNNNNNNCTCCGCTTAAGGGACT	GCACACACGTTA	f	GAAAATC	TCTAGCA	TGCTAGAGATTTTCCACACTGACTAAAAGGGTCT	p746vector.fasta
clone7-1	CAGCGGCGGTTAGATGAGCNNNNNNNNNNNNCTCCGCTTAAGGGACT	CACGCCATAATG	f	GAAAATC	TCTAGCA	TGCTAGAGATTTTCCACACTGACTAAAAGGGTCT	p746vector.fasta
clone7-2	CAGCGGCGGTTAGATGAGCNNNNNNNNNNNNCTCCGCTTAAGGGACT	CAGGCGTATTGG	f	GAAAATC	TCTAGCA	TGCTAGAGATTTTCCACACTGACTAAAAGGGTCT	p746vector.fasta
clone7-3	CAGCGGCGGTTAGATGAGCNNNNNNNNNNNNCTCCGCTTAAGGGACT	GGATCGCAGATC	f	GAAAATC	TCTAGCA	TGCTAGAGATTTTCCACACTGACTAAAAGGGTCT	p746vector.fasta
clone7-4	CAGCGGCGGTTAGATGAGCNNNNNNNNNNNNCTCCGCTTAAGGGACT	GCTGATGAGCTG	f	GAAAATC	TCTAGCA	TGCTAGAGATTTTCCACACTGACTAAAAGGGTCT	p746vector.fasta
pool1-1	GCGCAGGTATCCGTCGCTTNNNNNNNNNNNNCTCCGCTTAAGGGACT	AGCTGTTGTTTG	f	GAAAATC	TCTAGCA	TGCTAGAGATTTTCCACACTGACTAAAAGGGTCT	p746vector.fasta
pool1-2	GCGCAGGTATCCGTCGCTTNNNNNNNNNNNNCTCCGCTTAAGGGACT	GGATGGTGTTGC	f	GAAAATC	TCTAGCA	TGCTAGAGATTTTCCACACTGACTAAAAGGGTCT	p746vector.fasta
pool1-3	GCGCAGGTATCCGTCGCTTNNNNNNNNNNNNCTCCGCTTAAGGGACT	GCGATATATCGC	f	GAAAATC	TCTAGCA	TGCTAGAGATTTTCCACACTGACTAAAAGGGTCT	p746vector.fasta
pool1-4	GCGCAGGTATCCGTCGCTTNNNNNNNNNNNNCTCCGCTTAAGGGACT	TAGGATTGCTCG	f	GAAAATC	TCTAGCA	TGCTAGAGATTTTCCACACTGACTAAAAGGGTCT	p746vector.fasta
pool2-1	CCCAGCGATCGTGTCGAACNNNNNNNNNNNNCTCCGCTTAAGGGACT	ATGTGCACGACT	f	GAAAATC	TCTAGCA	TGCTAGAGATTTTCCACACTGACTAAAAGGGTCT	p746vector.fasta
pool2-2	CCCAGCGATCGTGTCGAACNNNNNNNNNNNNCTCCGCTTAAGGGACT	ACGCGCAGATAC	f	GAAAATC	TCTAGCA	TGCTAGAGATTTTCCACACTGACTAAAAGGGTCT	p746vector.fasta
pool2-3	CCCAGCGATCGTGTCGAACNNNNNNNNNNNNCTCCGCTTAAGGGACT	GACTTTCCCTCG	f	GAAAATC	TCTAGCA	TGCTAGAGATTTTCCACACTGACTAAAAGGGTCT	p746vector.fasta
pool2-4	CCCAGCGATCGTGTCGAACNNNNNNNNNNNNCTCCGCTTAAGGGACT	ATCCCGAATTTG	f	GAAAATC	TCTAGCA	TGCTAGAGATTTTCCACACTGACTAAAAGGGTCT	p746vector.fasta
pool3-1	GCGTGCTGAAGACGCGTAGNNNNNNNNNNNNCTCCGCTTAAGGGACT	GTTGGTCAATCT	f	GAAAATC	TCTAGCA	TGCTAGAGATTTTCCACACTGACTAAAAGGGTCT	p746vector.fasta
pool3-2	GCGTGCTGAAGACGCGTAGNNNNNNNNNNNNCTCCGCTTAAGGGACT	TAGCTCGTAACT	f	GAAAATC	TCTAGCA	TGCTAGAGATTTTCCACACTGACTAAAAGGGTCT	p746vector.fasta
pool3-3	GCGTGCTGAAGACGCGTAGNNNNNNNNNNNNCTCCGCTTAAGGGACT	CAGTGCATATGC	f	GAAAATC	TCTAGCA	TGCTAGAGATTTTCCACACTGACTAAAAGGGTCT	p746vector.fasta
pool3-4	GCGTGCTGAAGACGCGTAGNNNNNNNNNNNNCTCCGCTTAAGGGACT	TCACGGGAGTTG	f	GAAAATC	TCTAGCA	TGCTAGAGATTTTCCACACTGACTAAAAGGGTCT	p746vector.fasta
HIV_CTRL_wLig-1	CGAGCGTCATTGCCTACGCNNNNNNNNNNNNCTCCGCTTAAGGGACT	CTGCTAACGCAA	f	GAAAATC	TCTAGCA	TGCTAGAGATTTTCCACACTGACTAAAAGGGTCT	p746vector.fasta
HIV_CTRL_wLig-2	CGAGCGTCATTGCCTACGCNNNNNNNNNNNNCTCCGCTTAAGGGACT	TTAGGGCTCGTA	f	GAAAATC	TCTAGCA	TGCTAGAGATTTTCCACACTGACTAAAAGGGTCT	p746vector.fasta
HIV_CTRL_wLig-3	CGAGCGTCATTGCCTACGCNNNNNNNNNNNNCTCCGCTTAAGGGACT	TCTAGCGTAGTG	f	GAAAATC	TCTAGCA	TGCTAGAGATTTTCCACACTGACTAAAAGGGTCT	p746vector.fasta
HIV_CTRL_wLig-4	CGAGCGTCATTGCCTACGCNNNNNNNNNNNNCTCCGCTTAAGGGACT	TCGAGGACTGCA	f	GAAAATC	TCTAGCA	TGCTAGAGATTTTCCACACTGACTAAAAGGGTCT	p746vector.fasta
HIV_CTRL_noLig-1	CCCACGTCTCGGTTGGATGNNNNNNNNNNNNCTCCGCTTAAGGGACT	CGGAGCTATGGT	f	GAAAATC	TCTAGCA	TGCTAGAGATTTTCCACACTGACTAAAAGGGTCT	p746vector.fasta
HIV_CTRL_noLig-2	CCCACGTCTCGGTTGGATGNNNNNNNNNNNNCTCCGCTTAAGGGACT	AAGAGATGTCGA	f	GAAAATC	TCTAGCA	TGCTAGAGATTTTCCACACTGACTAAAAGGGTCT	p746vector.fasta
HIV_CTRL_noLig-3	CCCACGTCTCGGTTGGATGNNNNNNNNNNNNCTCCGCTTAAGGGACT	TCCAAAGTGTTC	f	GAAAATC	TCTAGCA	TGCTAGAGATTTTCCACACTGACTAAAAGGGTCT	p746vector.fasta
HIV_CTRL_noLig-4	CCCACGTCTCGGTTGGATGNNNNNNNNNNNNCTCCGCTTAAGGGACT	TACAGATGGCTC	f	GAAAATC	TCTAGCA	TGCTAGAGATTTTCCACACTGACTAAAAGGGTCT	p746vector.fasta
UNIF	CGCCTGCTCGCTAAGCTCTNNNNNNNNNNNNCTCCGCTTAAGGGACT	AATCAGTCTCGT	f	GAAAATC	TCTAGCA	TGCTAGAGATTTTCCACACTGACTAAAAGGGTCT	p746vector.fasta
